recNo,TxDate,Store_Name,Cust_Name,TotPrice,Payment,CardNo,Prod1,Prod2,Prod3,Prod4,Prod5,Prod6
1,2021-08-25 09:02,Chesterfield,Scott Owens,17.3,CARD,6844802140812058,Large Flavoured iced latte - Caramel - 3.25,Regular Flavoured iced latte - Hazelnut - 2.75,Regular Flavoured iced latte - Caramel - 2.75,Large Flavoured iced latte - Hazelnut - 3.25,Regular Flavoured latte - Hazelnut - 2.55,Regular Flavoured iced latte - Hazelnut - 2.75
2,2021-08-25 09:04,Chesterfield,Francis Strayhorn,4.6,CARD,9557104128182484,Large Flat white - 2.45,Regular Latte - 2.15,,,,
3,2021-08-25 09:06,Chesterfield,Rodney Drake,5.0,CARD,2978328181139200,Regular Flavoured latte - Hazelnut - 2.55,Large Latte - 2.45,,,,
4,2021-08-25 09:08,Chesterfield,Michael Sparrow,4.6,CASH,n,Regular Latte - 2.15,Large Latte - 2.45,,,,
5,2021-08-25 09:10,Chesterfield,Thomas Register,12.95,CASH,n,Large Flavoured iced latte - Caramel - 3.25,Regular Flat white - 2.15,Regular Latte - 2.15,Large Flavoured iced latte - Hazelnut - 3.25,Regular Flat white - 2.15,
6,2021-08-25 09:12,Chesterfield,James Petrick,17.4,CARD,5309043196155793,Large Flavoured latte - Hazelnut - 2.85,Regular Flavoured iced latte - Vanilla - 2.75,Large Flavoured iced latte - Hazelnut - 3.25,Large Flavoured latte - Hazelnut - 2.85,Large Flavoured iced latte - Vanilla - 3.25,Large Latte - 2.45
7,2021-08-25 09:14,Chesterfield,Ronald Hagy,13.55,CARD,1166596230622281,Regular Flavoured iced latte - Vanilla - 2.75,Regular Flavoured iced latte - Vanilla - 2.75,Large Latte - 2.45,Large Flavoured latte - Hazelnut - 2.85,Regular Flavoured iced latte - Hazelnut - 2.75,
8,2021-08-25 09:17,Chesterfield,Lashawn Fant,12.55,CARD,8790558408553080,Regular Flavoured iced latte - Caramel - 2.75,Large Latte - 2.45,Regular Latte - 2.15,Large Latte - 2.45,Regular Flavoured iced latte - Caramel - 2.75,
9,2021-08-25 09:19,Chesterfield,James Folsom,5.3,CARD,8722919802559202,Large Flat white - 2.45,Large Flavoured latte - Hazelnut - 2.85,,,,
10,2021-08-25 09:21,Chesterfield,Tina Burke,13.05,CASH,n,Regular Flavoured iced latte - Vanilla - 2.75,Large Flavoured latte - Hazelnut - 2.85,Large Flavoured latte - Hazelnut - 2.85,Large Latte - 2.45,Regular Flat white - 2.15,
11,2021-08-25 09:23,Chesterfield,Robyn Baker,2.15,CARD,4284401097585380,Regular Latte - 2.15,,,,,
12,2021-08-25 09:25,Chesterfield,Leonard Saari,10.3,CARD,4819037257071438,Large Flat white - 2.45,Large Latte - 2.45,Large Flavoured latte - Hazelnut - 2.85,Regular Flavoured latte - Hazelnut - 2.55,,
13,2021-08-25 09:27,Chesterfield,Eleanor Schreyer,12.55,CARD,3813596725308975,Regular Flavoured iced latte - Vanilla - 2.75,Regular Flavoured iced latte - Caramel - 2.75,Regular Flavoured iced latte - Vanilla - 2.75,Regular Flat white - 2.15,Regular Flat white - 2.15,
14,2021-08-25 09:29,Chesterfield,Heather Patel,7.65,CARD,2751738614086036,Regular Flavoured iced latte - Caramel - 2.75,Regular Flavoured iced latte - Hazelnut - 2.75,Regular Flat white - 2.15,,,
15,2021-08-25 09:32,Chesterfield,Lucinda Hutchings,5.7,CARD,5739796916878586,Large Flat white - 2.45,Large Flavoured iced latte - Hazelnut - 3.25,,,,
16,2021-08-25 09:34,Chesterfield,Brenda Park,2.15,CASH,n,Regular Latte - 2.15,,,,,
17,2021-08-25 09:36,Chesterfield,Francis Koenen,12.55,CASH,n,Regular Flavoured latte - Hazelnut - 2.55,Large Flavoured iced latte - Vanilla - 3.25,Regular Flat white - 2.15,Large Flat white - 2.45,Regular Flat white - 2.15,
18,2021-08-25 09:38,Chesterfield,Viola Blanco,6.0,CASH,n,Large Flavoured iced latte - Caramel - 3.25,Regular Flavoured iced latte - Hazelnut - 2.75,,,,
19,2021-08-25 09:40,Chesterfield,David Anna,10.7,CASH,n,Regular Flavoured latte - Hazelnut - 2.55,Large Flavoured latte - Hazelnut - 2.85,Large Latte - 2.45,Large Flavoured latte - Hazelnut - 2.85,,
20,2021-08-25 09:42,Chesterfield,Carol Sutton,4.9,CARD,7071316596754177,Regular Flavoured iced latte - Hazelnut - 2.75,Regular Latte - 2.15,,,,
21,2021-08-25 09:44,Chesterfield,Charlotte Ames,4.9,CARD,5944424224738186,Regular Flat white - 2.15,Regular Flavoured iced latte - Hazelnut - 2.75,,,,
22,2021-08-25 09:46,Chesterfield,William Alberding,7.45,CARD,1868033783180050,Large Flavoured latte - Hazelnut - 2.85,Regular Flat white - 2.15,Large Latte - 2.45,,,
23,2021-08-25 09:49,Chesterfield,Audie King,8.45,CARD,2079081656201264,Regular Flavoured iced latte - Vanilla - 2.75,Large Flavoured latte - Hazelnut - 2.85,Large Flavoured latte - Hazelnut - 2.85,,,
24,2021-08-25 09:51,Chesterfield,Thomas Carl,2.15,CARD,1979954668514674,Regular Latte - 2.15,,,,,
25,2021-08-25 09:53,Chesterfield,Susan Vinyard,6.75,CASH,n,Regular Flat white - 2.15,Large Latte - 2.45,Regular Flat white - 2.15,,,
26,2021-08-25 09:55,Chesterfield,Abraham Brantley,5.7,CARD,8010139668453595,Large Flat white - 2.45,Large Flavoured iced latte - Caramel - 3.25,,,,
27,2021-08-25 09:57,Chesterfield,Benjamin Asquith,15.2,CARD,4797344809392910,Large Flat white - 2.45,Regular Flavoured iced latte - Vanilla - 2.75,Large Latte - 2.45,Regular Latte - 2.15,Large Flavoured iced latte - Caramel - 3.25,Regular Latte - 2.15
28,2021-08-25 09:59,Chesterfield,Ann Lane,15.9,CASH,n,Regular Flavoured iced latte - Caramel - 2.75,Large Flat white - 2.45,Large Flavoured latte - Hazelnut - 2.85,Regular Latte - 2.15,Large Flavoured latte - Hazelnut - 2.85,Large Flavoured latte - Hazelnut - 2.85
29,2021-08-25 10:01,Chesterfield,Bradley Maynard,6.75,CARD,4681963607141220,Large Flat white - 2.45,Regular Flat white - 2.15,Regular Flat white - 2.15,,,
30,2021-08-25 10:02,Chesterfield,Diane Hunter,15.9,CARD,8946278855936834,Regular Flat white - 2.15,Regular Flavoured iced latte - Vanilla - 2.75,Regular Flavoured iced latte - Hazelnut - 2.75,Large Flavoured iced latte - Caramel - 3.25,Large Flavoured latte - Hazelnut - 2.85,Regular Flat white - 2.15
31,2021-08-25 10:03,Chesterfield,Sandra Stanislawski,6.5,CASH,n,Large Flavoured iced latte - Hazelnut - 3.25,Large Flavoured iced latte - Hazelnut - 3.25,,,,
32,2021-08-25 10:04,Chesterfield,Anita Johnson,15.6,CASH,n,Regular Flavoured latte - Hazelnut - 2.55,Large Flavoured iced latte - Caramel - 3.25,Regular Flavoured iced latte - Hazelnut - 2.75,Regular Latte - 2.15,Regular Flavoured iced latte - Hazelnut - 2.75,Regular Flat white - 2.15
33,2021-08-25 10:05,Chesterfield,Glenn Barreto,7.65,CARD,5824939110069634,Regular Flavoured iced latte - Vanilla - 2.75,Regular Latte - 2.15,Regular Flavoured iced latte - Caramel - 2.75,,,
34,2021-08-25 10:06,Chesterfield,Candy Polcovich,8.95,CARD,6695115797284120,Large Latte - 2.45,Large Flavoured iced latte - Vanilla - 3.25,Large Flavoured iced latte - Hazelnut - 3.25,,,
35,2021-08-25 10:07,Chesterfield,Jeffery Coen,8.55,CARD,5540161860517772,Large Flavoured iced latte - Vanilla - 3.25,Regular Flavoured latte - Hazelnut - 2.55,Regular Flavoured iced latte - Hazelnut - 2.75,,,
36,2021-08-25 10:08,Chesterfield,Carolyn Walraven,9.8,CARD,3794741301153029,Large Flat white - 2.45,Regular Flat white - 2.15,Large Latte - 2.45,Regular Flavoured iced latte - Hazelnut - 2.75,,
37,2021-08-25 10:09,Chesterfield,Linda Corella,5.5,CARD,7507487909772622,Regular Flavoured iced latte - Vanilla - 2.75,Regular Flavoured iced latte - Vanilla - 2.75,,,,
38,2021-08-25 10:10,Chesterfield,James Bernat,5.4,CASH,n,Large Flavoured iced latte - Caramel - 3.25,Regular Flat white - 2.15,,,,
39,2021-08-25 10:11,Chesterfield,Donald Wilson,2.75,CARD,9192463810678210,Regular Flavoured iced latte - Caramel - 2.75,,,,,
40,2021-08-25 10:12,Chesterfield,Harriet Keller,12.5,CARD,2533969787271217,Large Flavoured iced latte - Hazelnut - 3.25,Large Flavoured iced latte - Hazelnut - 3.25,Regular Flavoured iced latte - Hazelnut - 2.75,Large Flavoured iced latte - Caramel - 3.25,,
41,2021-08-25 10:13,Chesterfield,Jessica Heath,5.4,CASH,n,Regular Latte - 2.15,Large Flavoured iced latte - Vanilla - 3.25,,,,
42,2021-08-25 10:14,Chesterfield,Brian Pagano,5.2,CARD,4659802253815677,Regular Flavoured iced latte - Hazelnut - 2.75,Large Latte - 2.45,,,,
43,2021-08-25 10:15,Chesterfield,Brett Gambino,5.3,CARD,7488697733607874,Large Latte - 2.45,Large Flavoured latte - Hazelnut - 2.85,,,,
44,2021-08-25 10:16,Chesterfield,Jill Jackson,7.75,CASH,n,Regular Flavoured iced latte - Caramel - 2.75,Large Flavoured latte - Hazelnut - 2.85,Regular Flat white - 2.15,,,
45,2021-08-25 10:17,Chesterfield,Kate Johnson,11.6,CASH,n,Large Flavoured iced latte - Hazelnut - 3.25,Regular Flavoured iced latte - Vanilla - 2.75,Regular Flavoured iced latte - Hazelnut - 2.75,Large Flavoured latte - Hazelnut - 2.85,,
46,2021-08-25 10:18,Chesterfield,Ralph Reed,7.75,CARD,4816246893705392,Regular Flavoured iced latte - Hazelnut - 2.75,Regular Latte - 2.15,Large Flavoured latte - Hazelnut - 2.85,,,
47,2021-08-25 10:19,Chesterfield,Ruth Mitchell,6.5,CASH,n,Large Flavoured iced latte - Caramel - 3.25,Large Flavoured iced latte - Vanilla - 3.25,,,,
48,2021-08-25 10:20,Chesterfield,Nathaniel Mannings,10.2,CASH,n,Large Latte - 2.45,Large Flat white - 2.45,Regular Flavoured iced latte - Caramel - 2.75,Regular Flavoured latte - Hazelnut - 2.55,,
49,2021-08-25 10:21,Chesterfield,Paul Peters,3.25,CASH,n,Large Flavoured iced latte - Hazelnut - 3.25,,,,,
50,2021-08-25 10:22,Chesterfield,Latanya Gallardo,7.75,CARD,1540181475032314,Large Flat white - 2.45,Large Flavoured latte - Hazelnut - 2.85,Large Latte - 2.45,,,
51,2021-08-25 10:23,Chesterfield,Larry Watkins,14.15,CASH,n,Large Flavoured iced latte - Hazelnut - 3.25,Regular Flavoured latte - Hazelnut - 2.55,Regular Flavoured iced latte - Caramel - 2.75,Large Flavoured latte - Hazelnut - 2.85,Regular Flavoured iced latte - Caramel - 2.75,
52,2021-08-25 10:24,Chesterfield,Nancy James,4.9,CARD,5022266229070435,Regular Flavoured iced latte - Caramel - 2.75,Regular Flat white - 2.15,,,,
53,2021-08-25 10:25,Chesterfield,Eileen Southwell,9.5,CARD,4495822945393031,Regular Flavoured iced latte - Caramel - 2.75,Regular Latte - 2.15,Regular Latte - 2.15,Large Latte - 2.45,,
54,2021-08-25 10:26,Chesterfield,Tracy Pestana,9.9,CARD,9982950495281214,Large Flat white - 2.45,Regular Flavoured latte - Hazelnut - 2.55,Regular Latte - 2.15,Regular Flavoured iced latte - Vanilla - 2.75,,
55,2021-08-25 10:27,Chesterfield,Annie Davis,2.85,CARD,6344521574846636,Large Flavoured latte - Hazelnut - 2.85,,,,,
56,2021-08-25 10:27,Chesterfield,Donald Grant,6.5,CARD,8758449462779114,Large Flavoured iced latte - Hazelnut - 3.25,Large Flavoured iced latte - Caramel - 3.25,,,,
57,2021-08-25 10:28,Chesterfield,Paul Dean,5.0,CASH,n,Large Flavoured latte - Hazelnut - 2.85,Regular Latte - 2.15,,,,
58,2021-08-25 10:29,Chesterfield,Walter Taylor,2.75,CARD,3257568305255210,Regular Flavoured iced latte - Caramel - 2.75,,,,,
59,2021-08-25 10:30,Chesterfield,Leslie Kirk,5.8,CARD,1033079679767113,Regular Flavoured latte - Hazelnut - 2.55,Large Flavoured iced latte - Vanilla - 3.25,,,,
60,2021-08-25 10:31,Chesterfield,Kent Carriger,8.15,CASH,n,Regular Flat white - 2.15,Regular Flavoured iced latte - Vanilla - 2.75,Large Flavoured iced latte - Hazelnut - 3.25,,,
61,2021-08-25 10:32,Chesterfield,Marcelo Simmons,2.15,CARD,6182844058565928,Regular Latte - 2.15,,,,,
62,2021-08-25 10:33,Chesterfield,Isaac Sun,10.0,CASH,n,Large Latte - 2.45,Regular Flat white - 2.15,Regular Latte - 2.15,Large Flavoured iced latte - Hazelnut - 3.25,,
63,2021-08-25 10:34,Chesterfield,Bradley Thompson,10.7,CARD,4989983143905316,Regular Flat white - 2.15,Large Flavoured latte - Hazelnut - 2.85,Large Flavoured iced latte - Vanilla - 3.25,Large Latte - 2.45,,
64,2021-08-25 10:35,Chesterfield,Donald Gresham,6.85,CARD,3165772397749111,Regular Flat white - 2.15,Regular Flavoured latte - Hazelnut - 2.55,Regular Latte - 2.15,,,
65,2021-08-25 10:36,Chesterfield,Dawn Potter,7.45,CASH,n,Regular Flavoured iced latte - Caramel - 2.75,Regular Flat white - 2.15,Regular Flavoured latte - Hazelnut - 2.55,,,
66,2021-08-25 10:37,Chesterfield,Donna Metz,7.15,CARD,5119596440948241,Regular Flat white - 2.15,Regular Flavoured latte - Hazelnut - 2.55,Large Latte - 2.45,,,
67,2021-08-25 10:38,Chesterfield,Irma Forbes,11.0,CARD,8300057156805618,Regular Flavoured latte - Hazelnut - 2.55,Large Flavoured latte - Hazelnut - 2.85,Large Flavoured latte - Hazelnut - 2.85,Regular Flavoured iced latte - Caramel - 2.75,,
68,2021-08-25 10:39,Chesterfield,Vicky Rayborn,9.8,CARD,1122959171116248,Regular Flavoured iced latte - Caramel - 2.75,Large Latte - 2.45,Regular Latte - 2.15,Large Latte - 2.45,,
69,2021-08-25 10:40,Chesterfield,John Koenig,7.95,CARD,2870471496242245,Regular Flavoured iced latte - Vanilla - 2.75,Large Flat white - 2.45,Regular Flavoured iced latte - Hazelnut - 2.75,,,
70,2021-08-25 10:41,Chesterfield,Ruth Coleman,9.05,CASH,n,Regular Flavoured latte - Hazelnut - 2.55,Large Flavoured iced latte - Caramel - 3.25,Large Flavoured iced latte - Caramel - 3.25,,,
71,2021-08-25 10:42,Chesterfield,Ralph Sippel,5.4,CARD,9440021026638592,Regular Flat white - 2.15,Large Flavoured iced latte - Hazelnut - 3.25,,,,
72,2021-08-25 10:43,Chesterfield,Raymond Oliveras,11.0,CARD,1711251413159276,Regular Flavoured latte - Hazelnut - 2.55,Regular Flavoured iced latte - Vanilla - 2.75,Large Flavoured latte - Hazelnut - 2.85,Large Flavoured latte - Hazelnut - 2.85,,
73,2021-08-25 10:44,Chesterfield,Corey Culp,5.7,CARD,1306371291788903,Large Flavoured iced latte - Caramel - 3.25,Large Flat white - 2.45,,,,
74,2021-08-25 10:45,Chesterfield,Henry Sedgwick,5.7,CASH,n,Large Flavoured iced latte - Vanilla - 3.25,Large Latte - 2.45,,,,
75,2021-08-25 10:46,Chesterfield,Nathan Li,8.35,CARD,3648254680030729,Regular Flavoured iced latte - Hazelnut - 2.75,Regular Flavoured iced latte - Hazelnut - 2.75,Large Flavoured latte - Hazelnut - 2.85,,,
76,2021-08-25 10:47,Chesterfield,Glenda Kay,2.85,CARD,5627948457030299,Large Flavoured latte - Hazelnut - 2.85,,,,,
77,2021-08-25 10:48,Chesterfield,Alberta Patterson,3.25,CASH,n,Large Flavoured iced latte - Vanilla - 3.25,,,,,
78,2021-08-25 10:49,Chesterfield,Michael Morita,8.25,CARD,7768893046965408,Large Flavoured latte - Hazelnut - 2.85,Regular Latte - 2.15,Large Flavoured iced latte - Hazelnut - 3.25,,,
79,2021-08-25 10:50,Chesterfield,Christopher Garcia,16.0,CARD,5607664110752102,Large Flavoured iced latte - Hazelnut - 3.25,Regular Latte - 2.15,Regular Flat white - 2.15,Regular Flavoured iced latte - Caramel - 2.75,Large Flat white - 2.45,Large Flavoured iced latte - Hazelnut - 3.25
80,2021-08-25 10:51,Chesterfield,Paula Grein,3.25,CARD,2047828799313251,Large Flavoured iced latte - Caramel - 3.25,,,,,
81,2021-08-25 10:52,Chesterfield,Michael Brice,10.1,CASH,n,Regular Flavoured iced latte - Hazelnut - 2.75,Regular Latte - 2.15,Regular Flavoured iced latte - Hazelnut - 2.75,Large Flat white - 2.45,,
82,2021-08-25 10:53,Chesterfield,Lillian Mclarney,11.3,CARD,4384939029595501,Large Flat white - 2.45,Large Flavoured iced latte - Vanilla - 3.25,Regular Flavoured iced latte - Hazelnut - 2.75,Large Flavoured latte - Hazelnut - 2.85,,
83,2021-08-25 10:54,Chesterfield,Julius Meredith,5.7,CARD,7052197684557619,Large Flat white - 2.45,Large Flavoured iced latte - Hazelnut - 3.25,,,,
84,2021-08-25 10:55,Chesterfield,Dana Wright,13.15,CARD,6083529347037922,Regular Flat white - 2.15,Regular Latte - 2.15,Large Flavoured latte - Hazelnut - 2.85,Regular Flavoured iced latte - Caramel - 2.75,Large Flavoured iced latte - Caramel - 3.25,
85,2021-08-25 10:56,Chesterfield,Frankie Ivy,15.3,CASH,n,Large Flavoured iced latte - Caramel - 3.25,Regular Latte - 2.15,Large Latte - 2.45,Regular Flat white - 2.15,Regular Flavoured iced latte - Hazelnut - 2.75,Regular Flavoured latte - Hazelnut - 2.55
86,2021-08-25 10:56,Chesterfield,Clifford Vichidvongsa,7.55,CARD,6708760881396604,Large Flavoured iced latte - Hazelnut - 3.25,Regular Flat white - 2.15,Regular Latte - 2.15,,,
87,2021-08-25 10:57,Chesterfield,Justin Adkins,16.3,CARD,5468199414269508,Large Flavoured iced latte - Caramel - 3.25,Regular Flavoured iced latte - Hazelnut - 2.75,Regular Flat white - 2.15,Regular Flavoured iced latte - Hazelnut - 2.75,Large Flavoured iced latte - Hazelnut - 3.25,Regular Flat white - 2.15
88,2021-08-25 10:58,Chesterfield,Melanie Acker,5.7,CASH,n,Large Latte - 2.45,Large Flavoured iced latte - Caramel - 3.25,,,,
89,2021-08-25 10:59,Chesterfield,Gregory Cumiskey,10.9,CASH,n,Regular Flat white - 2.15,Regular Flavoured iced latte - Hazelnut - 2.75,Large Flavoured iced latte - Hazelnut - 3.25,Regular Flavoured iced latte - Hazelnut - 2.75,,
90,2021-08-25 11:00,Chesterfield,Thomas Moore,8.15,CARD,6183486734228071,Large Flavoured iced latte - Caramel - 3.25,Large Flat white - 2.45,Large Latte - 2.45,,,
91,2021-08-25 11:03,Chesterfield,Patricia Salas,2.45,CARD,3588949975835307,Large Flat white - 2.45,,,,,
92,2021-08-25 11:06,Chesterfield,Heather Peterson,12.05,CASH,n,Regular Latte - 2.15,Regular Flat white - 2.15,Regular Flavoured latte - Hazelnut - 2.55,Regular Flavoured iced latte - Vanilla - 2.75,Large Flat white - 2.45,
93,2021-08-25 11:08,Chesterfield,Angela Johnson,2.45,CARD,4034572784059311,Large Latte - 2.45,,,,,
94,2021-08-25 11:11,Chesterfield,Leana Zerhusen,8.45,CASH,n,Large Latte - 2.45,Large Flavoured iced latte - Caramel - 3.25,Regular Flavoured iced latte - Hazelnut - 2.75,,,
95,2021-08-25 11:13,Chesterfield,Patti Cyr,16.1,CARD,5721093912380090,Regular Flavoured iced latte - Hazelnut - 2.75,Regular Flavoured iced latte - Hazelnut - 2.75,Regular Flavoured iced latte - Caramel - 2.75,Regular Latte - 2.15,Large Flat white - 2.45,Large Flavoured iced latte - Caramel - 3.25
96,2021-08-25 11:16,Chesterfield,James Clyatt,8.55,CARD,5851067915633697,Large Flavoured iced latte - Caramel - 3.25,Regular Flavoured latte - Hazelnut - 2.55,Regular Flavoured iced latte - Caramel - 2.75,,,
97,2021-08-25 11:19,Chesterfield,Jeffery Long,8.15,CASH,n,Regular Flavoured latte - Hazelnut - 2.55,Regular Flavoured iced latte - Caramel - 2.75,Large Flavoured latte - Hazelnut - 2.85,,,
98,2021-08-25 11:21,Chesterfield,Robert Nichols,10.5,CASH,n,Regular Flavoured iced latte - Vanilla - 2.75,Large Latte - 2.45,Large Flavoured latte - Hazelnut - 2.85,Large Latte - 2.45,,
99,2021-08-25 11:24,Chesterfield,Dewey Crandall,13.05,CARD,3357200862087042,Large Flavoured latte - Hazelnut - 2.85,Regular Flavoured iced latte - Caramel - 2.75,Large Latte - 2.45,Large Flavoured latte - Hazelnut - 2.85,Regular Flat white - 2.15,
100,2021-08-25 11:26,Chesterfield,Debra Roth,5.3,CASH,n,Regular Flavoured iced latte - Hazelnut - 2.75,Regular Flavoured latte - Hazelnut - 2.55,,,,
101,2021-08-25 11:29,Chesterfield,Robyn Mcfadden,2.45,CARD,3005386842191216,Large Latte - 2.45,,,,,
102,2021-08-25 11:32,Chesterfield,Lawrence Davis,13.35,CASH,n,Large Flat white - 2.45,Large Flavoured iced latte - Vanilla - 3.25,Regular Flavoured iced latte - Vanilla - 2.75,Large Latte - 2.45,Large Latte - 2.45,
103,2021-08-25 11:34,Chesterfield,Pamela Perez,2.75,CARD,5845350383200391,Regular Flavoured iced latte - Caramel - 2.75,,,,,
104,2021-08-25 11:37,Chesterfield,Barry Frase,8.25,CASH,n,Large Flavoured iced latte - Caramel - 3.25,Regular Flavoured latte - Hazelnut - 2.55,Large Latte - 2.45,,,
105,2021-08-25 11:39,Chesterfield,Rhonda Smith,14.35,CARD,9209841840969692,Large Flavoured iced latte - Caramel - 3.25,Regular Flavoured latte - Hazelnut - 2.55,Large Flavoured iced latte - Caramel - 3.25,Large Latte - 2.45,Large Flavoured latte - Hazelnut - 2.85,
106,2021-08-25 11:42,Chesterfield,Ryan Ramirez,2.45,CASH,n,Large Latte - 2.45,,,,,
107,2021-08-25 11:45,Chesterfield,Isabel Greene,3.25,CARD,6859215193020987,Large Flavoured iced latte - Caramel - 3.25,,,,,
108,2021-08-25 11:47,Chesterfield,Dennis Duque,2.75,CASH,n,Regular Flavoured iced latte - Caramel - 2.75,,,,,
109,2021-08-25 11:50,Chesterfield,Pauline Baker,2.15,CARD,9071322703654704,Regular Latte - 2.15,,,,,
110,2021-08-25 11:52,Chesterfield,Corey Alcantara,5.3,CARD,1300247141634284,Large Latte - 2.45,Large Flavoured latte - Hazelnut - 2.85,,,,
111,2021-08-25 11:55,Chesterfield,Travis Boykins,14.25,CARD,4907467261068059,Large Flat white - 2.45,Large Latte - 2.45,Large Flavoured latte - Hazelnut - 2.85,Large Flavoured iced latte - Vanilla - 3.25,Large Flavoured iced latte - Vanilla - 3.25,
112,2021-08-25 11:58,Chesterfield,Hilda Jones,9.8,CARD,5006059570831155,Regular Flavoured iced latte - Vanilla - 2.75,Regular Flavoured iced latte - Vanilla - 2.75,Regular Flat white - 2.15,Regular Flat white - 2.15,,
113,2021-08-25 12:00,Chesterfield,Michael Bonebright,6.5,CARD,6050739238014847,Large Flavoured iced latte - Vanilla - 3.25,Large Flavoured iced latte - Caramel - 3.25,,,,
114,2021-08-25 12:05,Chesterfield,Wendy Ching,13.45,CARD,2127480294133630,Regular Flavoured iced latte - Hazelnut - 2.75,Large Flat white - 2.45,Regular Flavoured iced latte - Caramel - 2.75,Regular Flavoured iced latte - Hazelnut - 2.75,Regular Flavoured iced latte - Caramel - 2.75,
115,2021-08-25 12:09,Chesterfield,James Patton,2.45,CARD,4090848197683036,Large Latte - 2.45,,,,,
116,2021-08-25 12:14,Chesterfield,Lula Woods,6.1,CARD,4029814954291436,Large Flavoured iced latte - Hazelnut - 3.25,Large Flavoured latte - Hazelnut - 2.85,,,,
117,2021-08-25 12:19,Chesterfield,Sharon Edwards,14.75,CASH,n,Regular Flavoured iced latte - Caramel - 2.75,Large Flavoured iced latte - Caramel - 3.25,Large Flavoured iced latte - Caramel - 3.25,Regular Flavoured iced latte - Caramel - 2.75,Regular Flavoured iced latte - Hazelnut - 2.75,
118,2021-08-25 12:23,Chesterfield,John Mccullough,8.45,CASH,n,Large Flavoured iced latte - Caramel - 3.25,Large Latte - 2.45,Regular Flavoured iced latte - Hazelnut - 2.75,,,
119,2021-08-25 12:28,Chesterfield,Timothy Madison,13.05,CARD,7415146098159274,Large Flavoured iced latte - Hazelnut - 3.25,Regular Latte - 2.15,Regular Flavoured iced latte - Hazelnut - 2.75,Regular Flat white - 2.15,Regular Flavoured iced latte - Hazelnut - 2.75,
120,2021-08-25 12:32,Chesterfield,Michael Jackson,5.2,CARD,3094643504015977,Large Latte - 2.45,Regular Flavoured iced latte - Hazelnut - 2.75,,,,
121,2021-08-25 12:37,Chesterfield,Ralph Crocker,7.95,CASH,n,Regular Flavoured latte - Hazelnut - 2.55,Large Flavoured iced latte - Caramel - 3.25,Regular Latte - 2.15,,,
122,2021-08-25 12:42,Chesterfield,Craig Magness,10.7,CARD,4311192964521477,Large Flat white - 2.45,Regular Flavoured latte - Hazelnut - 2.55,Large Latte - 2.45,Large Flavoured iced latte - Hazelnut - 3.25,,
123,2021-08-25 12:46,Chesterfield,Sally Siple,8.65,CARD,4497560237088572,Large Flavoured iced latte - Caramel - 3.25,Regular Flat white - 2.15,Large Flavoured iced latte - Caramel - 3.25,,,
124,2021-08-25 12:51,Chesterfield,Juana Guerrero,12.85,CARD,3963464144816228,Regular Latte - 2.15,Large Flat white - 2.45,Large Flavoured iced latte - Vanilla - 3.25,Large Latte - 2.45,Regular Flavoured latte - Hazelnut - 2.55,
125,2021-08-25 12:55,Chesterfield,Leonel Malone,9.05,CARD,7904415677199075,Large Flavoured iced latte - Vanilla - 3.25,Regular Flavoured latte - Hazelnut - 2.55,Large Flavoured iced latte - Caramel - 3.25,,,
126,2021-08-25 13:00,Chesterfield,Gregory Archer,7.05,CARD,8917885439575338,Regular Latte - 2.15,Regular Flavoured iced latte - Vanilla - 2.75,Regular Latte - 2.15,,,
127,2021-08-25 13:02,Chesterfield,Florence Kolb,2.75,CARD,3714814045565927,Regular Flavoured iced latte - Vanilla - 2.75,,,,,
128,2021-08-25 13:04,Chesterfield,Louise Cottrell,4.9,CARD,8065696381332688,Regular Flavoured iced latte - Caramel - 2.75,Regular Flat white - 2.15,,,,
129,2021-08-25 13:06,Chesterfield,Norma Chase,9.8,CARD,8220946465265346,Large Latte - 2.45,Large Latte - 2.45,Regular Flat white - 2.15,Regular Flavoured iced latte - Hazelnut - 2.75,,
130,2021-08-25 13:08,Chesterfield,Dorothy Fillers,5.3,CARD,8460724084967456,Large Flavoured latte - Hazelnut - 2.85,Large Latte - 2.45,,,,
131,2021-08-25 13:10,Chesterfield,Ida Trujillo,2.75,CARD,9376130723627108,Regular Flavoured iced latte - Vanilla - 2.75,,,,,
132,2021-08-25 13:12,Chesterfield,Cody Martinez,7.85,CASH,n,Large Latte - 2.45,Large Flavoured iced latte - Vanilla - 3.25,Regular Latte - 2.15,,,
133,2021-08-25 13:15,Chesterfield,Alma Delung,2.75,CASH,n,Regular Flavoured iced latte - Caramel - 2.75,,,,,
134,2021-08-25 13:17,Chesterfield,Eugene Langel,8.55,CARD,1347333456996293,Large Flavoured iced latte - Hazelnut - 3.25,Large Flavoured latte - Hazelnut - 2.85,Large Latte - 2.45,,,
135,2021-08-25 13:19,Chesterfield,Betty Rodriguez,4.9,CASH,n,Large Latte - 2.45,Large Flat white - 2.45,,,,
136,2021-08-25 13:21,Chesterfield,Stanley Robinson,11.6,CASH,n,Regular Flavoured iced latte - Vanilla - 2.75,Regular Flavoured iced latte - Caramel - 2.75,Large Flavoured iced latte - Hazelnut - 3.25,Large Flavoured latte - Hazelnut - 2.85,,
137,2021-08-25 13:23,Chesterfield,Arthur Young,5.2,CARD,1379867388653945,Large Flat white - 2.45,Regular Flavoured iced latte - Vanilla - 2.75,,,,
138,2021-08-25 13:25,Chesterfield,Margaret Higgins,13.15,CARD,5126480936626881,Large Flavoured iced latte - Vanilla - 3.25,Regular Flat white - 2.15,Regular Flavoured iced latte - Caramel - 2.75,Regular Flat white - 2.15,Large Flavoured latte - Hazelnut - 2.85,
139,2021-08-25 13:27,Chesterfield,Richard Starch,13.85,CASH,n,Regular Flavoured iced latte - Vanilla - 2.75,Large Latte - 2.45,Large Flavoured iced latte - Caramel - 3.25,Regular Flat white - 2.15,Large Flavoured iced latte - Vanilla - 3.25,
140,2021-08-25 13:29,Chesterfield,Myra Mccarthy,7.05,CARD,9758386193852626,Regular Latte - 2.15,Regular Flat white - 2.15,Regular Flavoured iced latte - Vanilla - 2.75,,,
141,2021-08-25 13:31,Chesterfield,John Lopez,7.95,CASH,n,Regular Flat white - 2.15,Large Flavoured iced latte - Vanilla - 3.25,Regular Flavoured latte - Hazelnut - 2.55,,,
142,2021-08-25 13:33,Chesterfield,Barbara Kaiser,8.45,CARD,3681154553033927,Large Flat white - 2.45,Large Flavoured iced latte - Caramel - 3.25,Regular Flavoured iced latte - Hazelnut - 2.75,,,
143,2021-08-25 13:35,Chesterfield,Gary Delvalle,5.3,CARD,4959040306628499,Large Flavoured latte - Hazelnut - 2.85,Large Flat white - 2.45,,,,
144,2021-08-25 13:37,Chesterfield,Antonio Stefani,6.0,CASH,n,Regular Flavoured iced latte - Vanilla - 2.75,Large Flavoured iced latte - Vanilla - 3.25,,,,
145,2021-08-25 13:39,Chesterfield,Judith Sanchez,14.65,CARD,5126446880019163,Large Flavoured iced latte - Hazelnut - 3.25,Large Flavoured iced latte - Vanilla - 3.25,Regular Latte - 2.15,Large Flavoured iced latte - Hazelnut - 3.25,Regular Flavoured iced latte - Caramel - 2.75,
146,2021-08-25 13:41,Chesterfield,Eric Cush,2.55,CASH,n,Regular Flavoured latte - Hazelnut - 2.55,,,,,
147,2021-08-25 13:43,Chesterfield,John Davis,2.15,CARD,8698518072739848,Regular Latte - 2.15,,,,,
148,2021-08-25 13:46,Chesterfield,Patricia Hanson,3.25,CASH,n,Large Flavoured iced latte - Vanilla - 3.25,,,,,
149,2021-08-25 13:48,Chesterfield,Sandy Layton,15.4,CARD,1476462289196564,Regular Flavoured iced latte - Vanilla - 2.75,Regular Latte - 2.15,Large Latte - 2.45,Large Latte - 2.45,Large Flavoured latte - Hazelnut - 2.85,Regular Flavoured iced latte - Vanilla - 2.75
150,2021-08-25 13:50,Chesterfield,Richard Torres,8.15,CARD,4544265923225223,Regular Flavoured latte - Hazelnut - 2.55,Large Flavoured latte - Hazelnut - 2.85,Regular Flavoured iced latte - Caramel - 2.75,,,
151,2021-08-25 13:52,Chesterfield,Karen Rucker,13.45,CARD,6929140429410029,Regular Flavoured iced latte - Caramel - 2.75,Regular Flavoured iced latte - Hazelnut - 2.75,Regular Flavoured iced latte - Vanilla - 2.75,Large Flat white - 2.45,Regular Flavoured iced latte - Hazelnut - 2.75,
152,2021-08-25 13:54,Chesterfield,Patricia Adams,2.75,CARD,4686046880992171,Regular Flavoured iced latte - Vanilla - 2.75,,,,,
153,2021-08-25 13:56,Chesterfield,Ashley Woody,9.7,CARD,5486837673611667,Regular Flat white - 2.15,Regular Flat white - 2.15,Regular Flat white - 2.15,Large Flavoured iced latte - Hazelnut - 3.25,,
154,2021-08-25 13:58,Chesterfield,Brenda Sullivan,2.45,CARD,5954141110936513,Large Latte - 2.45,,,,,
155,2021-08-25 14:00,Chesterfield,Joshua Hester,4.9,CARD,3949479149312944,Regular Latte - 2.15,Regular Flavoured iced latte - Vanilla - 2.75,,,,
156,2021-08-25 14:01,Chesterfield,Joe Sullivan,7.95,CARD,1819524973774482,Regular Flavoured latte - Hazelnut - 2.55,Regular Latte - 2.15,Large Flavoured iced latte - Vanilla - 3.25,,,
157,2021-08-25 14:03,Chesterfield,Ana Maness,10.1,CARD,6880229834648525,Regular Flavoured iced latte - Hazelnut - 2.75,Regular Flavoured iced latte - Hazelnut - 2.75,Regular Latte - 2.15,Large Flat white - 2.45,,
158,2021-08-25 14:04,Chesterfield,Earl Christopher,8.35,CARD,9610068052333344,Large Flavoured iced latte - Hazelnut - 3.25,Regular Flavoured latte - Hazelnut - 2.55,Regular Flavoured latte - Hazelnut - 2.55,,,
159,2021-08-25 14:05,Chesterfield,Karl Spotted,13.45,CASH,n,Regular Latte - 2.15,Regular Flavoured iced latte - Caramel - 2.75,Large Flavoured iced latte - Hazelnut - 3.25,Large Flat white - 2.45,Large Flavoured latte - Hazelnut - 2.85,
160,2021-08-25 14:06,Chesterfield,Charlotte Walker,11.2,CARD,2952199494624272,Large Latte - 2.45,Large Flavoured iced latte - Hazelnut - 3.25,Regular Flavoured iced latte - Caramel - 2.75,Regular Flavoured iced latte - Vanilla - 2.75,,
161,2021-08-25 14:08,Chesterfield,Van Stookey,5.4,CASH,n,Regular Latte - 2.15,Large Flavoured iced latte - Caramel - 3.25,,,,
162,2021-08-25 14:09,Chesterfield,Johnathan Comstock,12.65,CASH,n,Regular Flavoured iced latte - Caramel - 2.75,Regular Flat white - 2.15,Regular Flavoured iced latte - Caramel - 2.75,Regular Flavoured latte - Hazelnut - 2.55,Large Flat white - 2.45,
163,2021-08-25 14:10,Chesterfield,Edna Hall,5.7,CARD,6819840820174115,Large Flat white - 2.45,Large Flavoured iced latte - Caramel - 3.25,,,,
164,2021-08-25 14:11,Chesterfield,Louise Paige,4.9,CARD,6352557685087208,Regular Flavoured iced latte - Caramel - 2.75,Regular Flat white - 2.15,,,,
165,2021-08-25 14:13,Chesterfield,John Marquez,10.2,CARD,9312780405753466,Regular Flavoured iced latte - Caramel - 2.75,Regular Latte - 2.15,Large Flat white - 2.45,Large Flavoured latte - Hazelnut - 2.85,,
166,2021-08-25 14:14,Chesterfield,Nicole Jones,2.85,CASH,n,Large Flavoured latte - Hazelnut - 2.85,,,,,
167,2021-08-25 14:15,Chesterfield,Erick Revering,2.45,CASH,n,Large Latte - 2.45,,,,,
168,2021-08-25 14:16,Chesterfield,Michael Duckett,5.3,CARD,2651504592439802,Large Flavoured latte - Hazelnut - 2.85,Large Latte - 2.45,,,,
169,2021-08-25 14:18,Chesterfield,Wanda Lewis,2.45,CASH,n,Large Latte - 2.45,,,,,
170,2021-08-25 14:19,Chesterfield,Anita Dickson,2.55,CARD,9719596464777358,Regular Flavoured latte - Hazelnut - 2.55,,,,,
171,2021-08-25 14:20,Chesterfield,Jason Evans,8.75,CARD,1073223342216414,Regular Flavoured iced latte - Caramel - 2.75,Large Flavoured iced latte - Hazelnut - 3.25,Regular Flavoured iced latte - Hazelnut - 2.75,,,
172,2021-08-25 14:22,Chesterfield,Jimmy Casey,6.0,CASH,n,Large Flavoured iced latte - Vanilla - 3.25,Regular Flavoured iced latte - Caramel - 2.75,,,,
173,2021-08-25 14:23,Chesterfield,Brian Mcgowan,5.3,CARD,4024571251284256,Regular Flavoured iced latte - Caramel - 2.75,Regular Flavoured latte - Hazelnut - 2.55,,,,
174,2021-08-25 14:24,Chesterfield,Hazel Peeler,3.25,CARD,5179091491187608,Large Flavoured iced latte - Hazelnut - 3.25,,,,,
175,2021-08-25 14:25,Chesterfield,Mary Crisp,14.05,CARD,3316241918098970,Large Flavoured iced latte - Hazelnut - 3.25,Regular Flavoured latte - Hazelnut - 2.55,Regular Flavoured iced latte - Vanilla - 2.75,Regular Flavoured iced latte - Hazelnut - 2.75,Regular Flavoured iced latte - Caramel - 2.75,
176,2021-08-25 14:27,Chesterfield,Dale Thomas,16.8,CASH,n,Large Flavoured iced latte - Vanilla - 3.25,Regular Flat white - 2.15,Large Flavoured iced latte - Vanilla - 3.25,Regular Flavoured iced latte - Vanilla - 2.75,Large Flavoured iced latte - Caramel - 3.25,Regular Latte - 2.15
177,2021-08-25 14:28,Chesterfield,Dorothy Carter,6.75,CARD,1793973543395326,Regular Latte - 2.15,Regular Latte - 2.15,Large Latte - 2.45,,,
178,2021-08-25 14:29,Chesterfield,Josephine Villa,9.6,CARD,1859921596452479,Regular Flat white - 2.15,Regular Flat white - 2.15,Regular Flavoured latte - Hazelnut - 2.55,Regular Flavoured iced latte - Caramel - 2.75,,
179,2021-08-25 14:30,Chesterfield,Autumn Cash,8.15,CARD,6318368714182148,Regular Flavoured iced latte - Vanilla - 2.75,Large Flavoured iced latte - Hazelnut - 3.25,Regular Latte - 2.15,,,
180,2021-08-25 14:32,Chesterfield,Jennifer Swinford,10.8,CARD,1009230023278707,Large Flavoured iced latte - Caramel - 3.25,Large Flavoured latte - Hazelnut - 2.85,Regular Flat white - 2.15,Regular Flavoured latte - Hazelnut - 2.55,,
181,2021-08-25 14:33,Chesterfield,Dean Jones,3.25,CASH,n,Large Flavoured iced latte - Hazelnut - 3.25,,,,,
182,2021-08-25 14:34,Chesterfield,Albert Darden,10.9,CARD,9958655563016416,Regular Flavoured iced latte - Caramel - 2.75,Large Flavoured latte - Hazelnut - 2.85,Large Latte - 2.45,Large Flavoured latte - Hazelnut - 2.85,,
183,2021-08-25 14:35,Chesterfield,Thaddeus Boudreaux,2.75,CARD,5052540827718020,Regular Flavoured iced latte - Vanilla - 2.75,,,,,
184,2021-08-25 14:37,Chesterfield,Therese Eisner,6.5,CARD,4433798196723079,Large Flavoured iced latte - Hazelnut - 3.25,Large Flavoured iced latte - Vanilla - 3.25,,,,
185,2021-08-25 14:38,Chesterfield,Carl Fritz,3.25,CARD,9770569507386666,Large Flavoured iced latte - Hazelnut - 3.25,,,,,
186,2021-08-25 14:39,Chesterfield,Beth Barnes,2.15,CASH,n,Regular Flat white - 2.15,,,,,
187,2021-08-25 14:41,Chesterfield,Drew Montagna,8.25,CARD,3693169676666144,Large Latte - 2.45,Large Flavoured iced latte - Vanilla - 3.25,Regular Flavoured latte - Hazelnut - 2.55,,,
188,2021-08-25 14:42,Chesterfield,Marjorie Meeker,8.25,CARD,8433225683181549,Large Flavoured iced latte - Hazelnut - 3.25,Large Flat white - 2.45,Regular Flavoured latte - Hazelnut - 2.55,,,
189,2021-08-25 14:43,Chesterfield,Taylor Fuller,2.45,CASH,n,Large Latte - 2.45,,,,,
190,2021-08-25 14:44,Chesterfield,Mae Harper,11.4,CASH,n,Regular Flavoured iced latte - Vanilla - 2.75,Regular Flat white - 2.15,Large Flavoured iced latte - Caramel - 3.25,Large Flavoured iced latte - Hazelnut - 3.25,,
191,2021-08-25 14:46,Chesterfield,Ashley Eggert,2.75,CARD,9429762214090398,Regular Flavoured iced latte - Caramel - 2.75,,,,,
192,2021-08-25 14:47,Chesterfield,Stephanie Segovia,15.8,CARD,8095371397608554,Regular Latte - 2.15,Large Flavoured latte - Hazelnut - 2.85,Large Flavoured iced latte - Caramel - 3.25,Regular Flat white - 2.15,Regular Latte - 2.15,Large Flavoured iced latte - Vanilla - 3.25
193,2021-08-25 14:48,Chesterfield,Norris Guzzi,5.2,CARD,9751416431984450,Large Latte - 2.45,Regular Flavoured iced latte - Caramel - 2.75,,,,
194,2021-08-25 14:49,Chesterfield,Kathie Williams,8.55,CASH,n,Regular Flavoured iced latte - Vanilla - 2.75,Regular Flavoured latte - Hazelnut - 2.55,Large Flavoured iced latte - Vanilla - 3.25,,,
195,2021-08-25 14:51,Chesterfield,Paula Peterson,3.25,CARD,3293401476889029,Large Flavoured iced latte - Caramel - 3.25,,,,,
196,2021-08-25 14:52,Chesterfield,Mary Fernandez,2.55,CARD,5146128559963230,Regular Flavoured latte - Hazelnut - 2.55,,,,,
197,2021-08-25 14:53,Chesterfield,Chad Cherry,11.5,CARD,6287502921856251,Regular Flavoured iced latte - Caramel - 2.75,Regular Flavoured iced latte - Vanilla - 2.75,Large Flavoured iced latte - Caramel - 3.25,Regular Flavoured iced latte - Hazelnut - 2.75,,
198,2021-08-25 14:54,Chesterfield,Dan Little,5.2,CARD,1352349738225102,Regular Flavoured iced latte - Caramel - 2.75,Large Flat white - 2.45,,,,
199,2021-08-25 14:56,Chesterfield,Reina Lay,2.75,CARD,6042810272412114,Regular Flavoured iced latte - Caramel - 2.75,,,,,
200,2021-08-25 14:57,Chesterfield,Opal Ruot,5.3,CARD,6593022194891160,Regular Flavoured latte - Hazelnut - 2.55,Regular Flavoured iced latte - Hazelnut - 2.75,,,,
201,2021-08-25 14:58,Chesterfield,Gerald Hopkins,13.05,CARD,8905592350961486,Regular Flavoured iced latte - Hazelnut - 2.75,Regular Flat white - 2.15,Large Flavoured iced latte - Caramel - 3.25,Regular Flavoured iced latte - Caramel - 2.75,Regular Flat white - 2.15,
202,2021-08-25 15:00,Chesterfield,Sheila Amodeo,12.35,CARD,9916365967206726,Regular Flavoured iced latte - Caramel - 2.75,Large Flat white - 2.45,Large Flat white - 2.45,Regular Flavoured latte - Hazelnut - 2.55,Regular Latte - 2.15,
203,2021-08-25 15:01,Chesterfield,Mary Archibald,13.15,CARD,8129252160212416,Large Latte - 2.45,Regular Flavoured latte - Hazelnut - 2.55,Large Flavoured iced latte - Hazelnut - 3.25,Regular Flat white - 2.15,Regular Flavoured iced latte - Vanilla - 2.75,
204,2021-08-25 15:02,Chesterfield,Bonita Volker,2.45,CARD,1816590855648066,Large Flat white - 2.45,,,,,
205,2021-08-25 15:03,Chesterfield,Harry Mitchell,10.8,CARD,7257001079471030,Regular Latte - 2.15,Regular Latte - 2.15,Large Flavoured iced latte - Caramel - 3.25,Large Flavoured iced latte - Hazelnut - 3.25,,
206,2021-08-25 15:05,Chesterfield,Robert Tryon,10.5,CARD,7309086322186822,Regular Flavoured iced latte - Vanilla - 2.75,Large Flavoured latte - Hazelnut - 2.85,Regular Flavoured iced latte - Vanilla - 2.75,Regular Flat white - 2.15,,
207,2021-08-25 15:06,Chesterfield,Shirley Scott,6.1,CARD,5483625217453471,Large Flavoured latte - Hazelnut - 2.85,Large Flavoured iced latte - Hazelnut - 3.25,,,,
208,2021-08-25 15:07,Chesterfield,Robert Padilla,2.15,CARD,3329284779877237,Regular Latte - 2.15,,,,,
209,2021-08-25 15:08,Chesterfield,Esteban Sylvestre,8.55,CARD,9759871618161926,Large Flavoured latte - Hazelnut - 2.85,Large Latte - 2.45,Large Flavoured iced latte - Caramel - 3.25,,,
210,2021-08-25 15:10,Chesterfield,Sonia Rubino,9.3,CARD,3479705858587519,Regular Flavoured latte - Hazelnut - 2.55,Regular Flat white - 2.15,Regular Flat white - 2.15,Large Flat white - 2.45,,
211,2021-08-25 15:11,Chesterfield,Manuel Gonzales,5.7,CARD,4257205771607651,Large Flavoured latte - Hazelnut - 2.85,Large Flavoured latte - Hazelnut - 2.85,,,,
212,2021-08-25 15:12,Chesterfield,Elizabeth Obrien,7.05,CARD,8921315672297534,Regular Latte - 2.15,Regular Flat white - 2.15,Regular Flavoured iced latte - Hazelnut - 2.75,,,
213,2021-08-25 15:13,Chesterfield,Rochelle Bischoff,2.85,CASH,n,Large Flavoured latte - Hazelnut - 2.85,,,,,
214,2021-08-25 15:15,Chesterfield,Thomas Stough,14.35,CARD,4066509794676807,Large Flavoured iced latte - Vanilla - 3.25,Large Flavoured iced latte - Vanilla - 3.25,Large Flat white - 2.45,Regular Flavoured latte - Hazelnut - 2.55,Large Flavoured latte - Hazelnut - 2.85,
215,2021-08-25 15:16,Chesterfield,Timothy Reed,4.6,CARD,6185833783865599,Regular Flat white - 2.15,Large Flat white - 2.45,,,,
216,2021-08-25 15:17,Chesterfield,Donald Shofner,2.45,CARD,2967681504918770,Large Latte - 2.45,,,,,
217,2021-08-25 15:18,Chesterfield,Linda Nielsen,10.7,CARD,3328989720717590,Regular Flavoured iced latte - Caramel - 2.75,Large Latte - 2.45,Regular Flavoured iced latte - Caramel - 2.75,Regular Flavoured iced latte - Caramel - 2.75,,
218,2021-08-25 15:20,Chesterfield,Sarah Martin,7.35,CARD,6256072596696194,Regular Flavoured iced latte - Vanilla - 2.75,Large Flat white - 2.45,Regular Latte - 2.15,,,
219,2021-08-25 15:21,Chesterfield,Lisa Moore,9.9,CASH,n,Regular Flavoured latte - Hazelnut - 2.55,Large Flat white - 2.45,Regular Flat white - 2.15,Regular Flavoured iced latte - Vanilla - 2.75,,
220,2021-08-25 15:22,Chesterfield,Susan Whiting,10.2,CASH,n,Large Latte - 2.45,Regular Flavoured iced latte - Hazelnut - 2.75,Large Flavoured latte - Hazelnut - 2.85,Regular Flat white - 2.15,,
221,2021-08-25 15:23,Chesterfield,Renee Hutchinson,13.35,CASH,n,Regular Flavoured iced latte - Hazelnut - 2.75,Large Flavoured iced latte - Caramel - 3.25,Regular Flavoured iced latte - Vanilla - 2.75,Regular Flat white - 2.15,Large Flat white - 2.45,
222,2021-08-25 15:25,Chesterfield,Jeffrey Williams,5.6,CASH,n,Regular Flavoured iced latte - Vanilla - 2.75,Large Flavoured latte - Hazelnut - 2.85,,,,
223,2021-08-25 15:26,Chesterfield,April Herrera,10.4,CASH,n,Large Flat white - 2.45,Regular Flavoured latte - Hazelnut - 2.55,Large Flavoured iced latte - Caramel - 3.25,Regular Latte - 2.15,,
224,2021-08-25 15:27,Chesterfield,Raphael Williams,4.9,CASH,n,Regular Flavoured iced latte - Caramel - 2.75,Regular Latte - 2.15,,,,
225,2021-08-25 15:28,Chesterfield,Cody Edwards,2.75,CARD,7619176177966654,Regular Flavoured iced latte - Caramel - 2.75,,,,,
226,2021-08-25 15:30,Chesterfield,Clyde Boyer,4.9,CASH,n,Large Flat white - 2.45,Large Flat white - 2.45,,,,
227,2021-08-25 15:31,Chesterfield,Mary Walsh,3.25,CARD,5311348059427241,Large Flavoured iced latte - Hazelnut - 3.25,,,,,
228,2021-08-25 15:32,Chesterfield,Keith Clary,13.25,CARD,5651674217908357,Regular Flat white - 2.15,Large Flavoured iced latte - Vanilla - 3.25,Large Flat white - 2.45,Large Flavoured iced latte - Vanilla - 3.25,Regular Flat white - 2.15,
229,2021-08-25 15:33,Chesterfield,Fernando Sandlin,4.6,CASH,n,Large Flat white - 2.45,Regular Latte - 2.15,,,,
230,2021-08-25 15:35,Chesterfield,Kathrine Romero,3.25,CARD,5773095865819656,Large Flavoured iced latte - Hazelnut - 3.25,,,,,
231,2021-08-25 15:36,Chesterfield,Shelli Wagner,7.65,CARD,2708767320540841,Regular Flavoured iced latte - Hazelnut - 2.75,Large Latte - 2.45,Large Flat white - 2.45,,,
232,2021-08-25 15:37,Chesterfield,Myrtle Padilla,10.1,CARD,2160581127228979,Regular Flavoured latte - Hazelnut - 2.55,Regular Latte - 2.15,Regular Latte - 2.15,Large Flavoured iced latte - Caramel - 3.25,,
233,2021-08-25 15:38,Chesterfield,Loretta Trujillo,9.25,CARD,4166981901512539,Large Flavoured iced latte - Hazelnut - 3.25,Large Flavoured iced latte - Vanilla - 3.25,Regular Flavoured iced latte - Vanilla - 2.75,,,
234,2021-08-25 15:40,Chesterfield,Timothy Hills,8.75,CARD,4133123739498328,Regular Flavoured iced latte - Caramel - 2.75,Regular Flavoured iced latte - Caramel - 2.75,Large Flavoured iced latte - Vanilla - 3.25,,,
235,2021-08-25 15:41,Chesterfield,Lorraine Pelletier,3.25,CARD,3544412429460796,Large Flavoured iced latte - Vanilla - 3.25,,,,,
236,2021-08-25 15:42,Chesterfield,Melanie Roblez,5.3,CASH,n,Large Flat white - 2.45,Large Flavoured latte - Hazelnut - 2.85,,,,
237,2021-08-25 15:43,Chesterfield,Emile Clay,4.9,CARD,3295736052238490,Regular Flavoured iced latte - Caramel - 2.75,Regular Latte - 2.15,,,,
238,2021-08-25 15:45,Chesterfield,John Mcintosh,7.45,CARD,7861936537212986,Regular Flat white - 2.15,Regular Flavoured latte - Hazelnut - 2.55,Regular Flavoured iced latte - Caramel - 2.75,,,
239,2021-08-25 15:46,Chesterfield,Jan Worstell,5.8,CASH,n,Large Flavoured iced latte - Hazelnut - 3.25,Regular Flavoured latte - Hazelnut - 2.55,,,,
240,2021-08-25 15:47,Chesterfield,Robert Derby,6.0,CARD,3399250740276512,Large Flavoured iced latte - Hazelnut - 3.25,Regular Flavoured iced latte - Hazelnut - 2.75,,,,
241,2021-08-25 15:48,Chesterfield,Katherine Keeley,12.65,CASH,n,Regular Flavoured iced latte - Vanilla - 2.75,Regular Flavoured latte - Hazelnut - 2.55,Regular Flavoured iced latte - Caramel - 2.75,Regular Latte - 2.15,Large Latte - 2.45,
242,2021-08-25 15:50,Chesterfield,Judith Moya,9.75,CARD,4030827995696687,Large Flavoured iced latte - Caramel - 3.25,Large Flavoured iced latte - Caramel - 3.25,Large Flavoured iced latte - Vanilla - 3.25,,,
243,2021-08-25 15:51,Chesterfield,Brandon Frazier,6.5,CASH,n,Large Flavoured iced latte - Hazelnut - 3.25,Large Flavoured iced latte - Vanilla - 3.25,,,,
244,2021-08-25 15:52,Chesterfield,Guadalupe Pickell,5.7,CARD,8016440730194678,Large Flat white - 2.45,Large Flavoured iced latte - Vanilla - 3.25,,,,
245,2021-08-25 15:53,Chesterfield,Michelle Rymer,4.9,CARD,9347623203834282,Regular Latte - 2.15,Regular Flavoured iced latte - Hazelnut - 2.75,,,,
246,2021-08-25 15:55,Chesterfield,Virginia Hanley,4.9,CARD,4913775697418896,Regular Flavoured iced latte - Hazelnut - 2.75,Regular Latte - 2.15,,,,
247,2021-08-25 15:56,Chesterfield,Lucile Lucas,17.5,CASH,n,Regular Flavoured iced latte - Vanilla - 2.75,Large Flavoured iced latte - Caramel - 3.25,Regular Flavoured iced latte - Vanilla - 2.75,Regular Flavoured iced latte - Hazelnut - 2.75,Large Flavoured iced latte - Vanilla - 3.25,Regular Flavoured iced latte - Hazelnut - 2.75
248,2021-08-25 15:57,Chesterfield,Bryant Gianotti,2.75,CASH,n,Regular Flavoured iced latte - Vanilla - 2.75,,,,,
249,2021-08-25 15:58,Chesterfield,Charles Bak,5.5,CARD,1000481120219815,Regular Flavoured iced latte - Hazelnut - 2.75,Regular Flavoured iced latte - Vanilla - 2.75,,,,
250,2021-08-25 16:00,Chesterfield,Audrey Ramesh,8.95,CARD,7469164167114942,Large Flavoured iced latte - Caramel - 3.25,Large Latte - 2.45,Large Flavoured iced latte - Caramel - 3.25,,,
251,2021-08-25 16:03,Chesterfield,Arthur Young,5.6,CARD,5428125583352008,Regular Flavoured iced latte - Hazelnut - 2.75,Large Flavoured latte - Hazelnut - 2.85,,,,
252,2021-08-25 16:07,Chesterfield,Donna Kimmes,10.5,CASH,n,Regular Flat white - 2.15,Large Flavoured iced latte - Caramel - 3.25,Regular Flavoured latte - Hazelnut - 2.55,Regular Flavoured latte - Hazelnut - 2.55,,
253,2021-08-25 16:10,Chesterfield,Russell Lamison,2.75,CARD,6558648227687285,Regular Flavoured iced latte - Hazelnut - 2.75,,,,,
254,2021-08-25 16:14,Chesterfield,Lisa Fawver,13.55,CARD,6675931865481392,Regular Flavoured latte - Hazelnut - 2.55,Regular Flavoured latte - Hazelnut - 2.55,Large Flat white - 2.45,Regular Flavoured iced latte - Vanilla - 2.75,Large Flavoured iced latte - Hazelnut - 3.25,
255,2021-08-25 16:17,Chesterfield,Shanice Robinson,2.75,CARD,5687487364476689,Regular Flavoured iced latte - Hazelnut - 2.75,,,,,
256,2021-08-25 16:21,Chesterfield,Tim Kaufman,2.45,CARD,9690045983888206,Large Flat white - 2.45,,,,,
257,2021-08-25 16:24,Chesterfield,Gary Zadow,5.3,CARD,2929099837150150,Large Flat white - 2.45,Large Flavoured latte - Hazelnut - 2.85,,,,
258,2021-08-25 16:28,Chesterfield,Ronald Holderfield,10.0,CARD,3882329164649719,Large Latte - 2.45,Large Latte - 2.45,Regular Flavoured latte - Hazelnut - 2.55,Regular Flavoured latte - Hazelnut - 2.55,,
259,2021-08-25 16:31,Chesterfield,Billy Ochs,11.3,CASH,n,Regular Flavoured iced latte - Caramel - 2.75,Regular Flavoured iced latte - Hazelnut - 2.75,Large Flavoured iced latte - Hazelnut - 3.25,Regular Flavoured latte - Hazelnut - 2.55,,
260,2021-08-25 16:35,Chesterfield,Jason Williams,17.3,CARD,1887989906839148,Large Flavoured iced latte - Vanilla - 3.25,Regular Flavoured iced latte - Caramel - 2.75,Regular Flavoured iced latte - Caramel - 2.75,Large Flavoured iced latte - Vanilla - 3.25,Large Flavoured latte - Hazelnut - 2.85,Large Latte - 2.45
261,2021-08-25 16:38,Chesterfield,Mark Villalpando,9.35,CARD,3158984406605893,Large Flavoured iced latte - Hazelnut - 3.25,Large Flavoured iced latte - Hazelnut - 3.25,Large Flavoured latte - Hazelnut - 2.85,,,
262,2021-08-25 16:42,Chesterfield,Nicholas Colucci,10.8,CARD,8705633591437542,Regular Flavoured iced latte - Hazelnut - 2.75,Regular Flavoured iced latte - Hazelnut - 2.75,Regular Flavoured iced latte - Vanilla - 2.75,Regular Flavoured latte - Hazelnut - 2.55,,
263,2021-08-25 16:45,Chesterfield,Juan Bender,14.35,CARD,5986749298900138,Large Flavoured iced latte - Vanilla - 3.25,Large Latte - 2.45,Large Flavoured iced latte - Vanilla - 3.25,Large Flavoured iced latte - Caramel - 3.25,Regular Latte - 2.15,
264,2021-08-25 16:49,Chesterfield,Jose Hajduk,6.1,CASH,n,Large Flavoured latte - Hazelnut - 2.85,Large Flavoured iced latte - Vanilla - 3.25,,,,
265,2021-08-25 16:52,Chesterfield,Sharon Campanelli,10.7,CASH,n,Large Flavoured iced latte - Hazelnut - 3.25,Regular Flavoured iced latte - Caramel - 2.75,Regular Flavoured latte - Hazelnut - 2.55,Regular Flat white - 2.15,,
266,2021-08-25 16:56,Chesterfield,Henry Frew,2.55,CASH,n,Regular Flavoured latte - Hazelnut - 2.55,,,,,
267,2021-08-25 16:59,Chesterfield,David Ornelas,2.45,CASH,n,Large Flat white - 2.45,,,,,
